"","Topic 1","Topic 2","Topic 3","Topic 4","Topic 5"
"1","voltag","connect","electr","power","data"
"2","current","switch","system","control","inform"
"3","detect","includ","energi","generat","meter"
"4","signal","circuit","invent","system","devic"
"5","valu","second","oper","suppli","communic"
"6","output","line","accord","devic","network"
"7","time","least","method","load","receiv"
"8","determin","provid","apparatus","grid","transmit"
"9","oper","vehicl","modul","batteri","includ"
"10","phase","breaker","state","charg","monitor"
"11","frequenc","sensor","present","convert","smart"
"12","mean","transform","part","unit","measur"
"13","input","element","relat","storag","base"
"14","unit","posit","equip","connect","remot"
"15","calcul","flow","compris","output","process"
"16","chang","side","function","distribut","server"
"17","circuit","open","order","invert","unit"
"18","relay","high","effici","solar","transmiss"
"19","protect","bus","produc","provid","manag"
"20","predetermin","protect","mode","wind","method"
"21","measur","wire","main","cell","inspect"
"22","command","termin","step","discharg","provid"
"23","fault","form","case","amount","node"
"24","compon","coupl","manag","direct","store"
"25","base","portion","prevent","sourc","wireless"
"26","differ","configur","condit","demand","display"
"27","limit","ground","facil","fuel","user"
"28","reactiv","electr","type","turbin","grid"
"29","harmon","structur","perform","adjust","relat"
"30","second","instal","control","plural","time"
"31","section","motor","sens","drive","read"
"32","accid","heat","effect","side","indic"
"33","compens","compris","test","plant","multipl"
"34","period","engin","appli","convers","termin"
"35","obtain","capacitor","consumpt","capac","within"
"36","three","light","automat","secondari","number"
"37","digit","sourc","improv","requir","collect"
"38","rate","close","reduc","altern","plural"
"39","singl","arrang","machin","commerci","configur"
"40","correct","water","possibl","reduc","perform"
"41","threshold","cabl","consum","start","apparatus"
"42","high","block","multipl","loss","station"
"43","level","plural","cost","photovolta","util"
"44","variat","temperatur","time","section","integr"
"45","direct","assembl","monitor","develop","comput"
"46","stabil","mount","real","activ","servic"
"47","estim","drive","whether","revers","access"
"48","convert","panel","includ","fluctuat","instal"
"49","puls","contact","sourc","block","interfac"
"50","refer","path","due","link","amount"
"51","low","low","deliv","rotor","applic"
"52","synchron","conduct","emerg","stop","check"
"53","suppress","pressur","malfunct","mode","area"
"54","paramet","gas","specif","condition","electron"
"55","compar","wherein","predict","group","present"
"56","target","hous","outsid","time","respect"
"57","transform","magnet","optim","auxiliari","identifi"
"58","filter","coil","build","array","event"
"59","rang","layer","simul","excess","secur"
"60","normal","separ","work","failur","select"
"61","speed","air","provid","total","correspond"
"62","basi","safeti","save","increas","messag"
"63","occur","disconnect","panel","self","request"
"64","error","non","model","interconnect","compris"
"65","sampl","isol","thereof","instruct","home"
"66","short","electron","character","modifi","memori"
"67","detector","embodi","product","agent","locat"
"68","result","allow","region","driven","disclos"
"69","respect","board","made","independ","step"
"70","provid","conductor","common","small","consum"
"71","failur","bodi","result","switch","key"
"72","characterist","lower","therefor","dispers","concentr"
"73","line","intern","mainten","natur","environ"
"74","abnorm","mechan","store","smooth","protocol"
"75","convers","support","chang","enabl","master"
"76","state","insul","without","caus","central"
"77","condit","member","peak","charger","describ"
"78","imped","parallel","activ","car","standard"
"79","waveform","locat","accumul","decreas","processor"
"80","analog","resist","implement","bird","via"
"81","whether","within","microgrid","heater","consumpt"
"82","cycl","associ","occurr","balanc","least"
"83","effect","prevent","advantag","prevent","status"
"84","maximum","neutral","cut","reduct","ami"
"85","exceed","port","problem","select","associ"
"86","process","compon","situat","correspond","imag"
"87","quantiti","contain","algorithm","avail","andor"
"88","wave","connector","renew","follow","respons"
"89","less","optic","design","third","field"
"90","reliabl","via","minim","recharg","acquir"
"91","drop","back","prefer","string","analysi"
"92","ratio","materi","exampl","parallel","group"
"93","extract","multi","feed","recoveri","intellig"
"94","inject","consist","recoveri","run","instrument"
"95","without","rotat","input","associ","object"
"96","delay","space","sunlight","equal","subject"
"97","angl","box","cabinet","elev","embodi"
"98","type","cool","purpos","surplus","modem"
"99","activ","select","alarm","blade","adapt"
"100","continu","surfac","among","boost","program"
