,Topic 1,Topic 2,Topic 3,Topic 4,Topic 5,Topic 6,Topic 7,Topic 8,Topic 9,Topic 10
1,system,data,voltag,time,inform,circuit,unit,power,generat,control
2,control,protect,detect,signal,monitor,connect,communic,suppli,calcul,batteri
3,grid,oper,current,frequenc,mean,phase,devic,devic,amount,charg
4,provid,relay,output,input,oper,current,receiv,system,output,system
5,accid,electr,valu,predetermin,harmon,voltag,transmit,electr,load,storag
6,select,mean,convert,synchron,display,breaker,function,provid,valu,apparatus
7,cell,determin,control,high,compon,suppress,key,limit,measur,accord
8,stabil,termin,reactiv,flow,equip,side,network,solar,obtain,discharg
9,chang,digit,invert,adjust,devic,line,acquir,sourc,demand,base
10,plural,quantiti,switch,period,process,element,includ,effici,estim,devic
11,condit,transmiss,detector,start,store,transform,part,convers,energi,command
12,switch,provid,second,pressur,comput,short,meter,embodi,requir,convert
13,method,accid,type,speed,failur,direct,portion,least,consumpt,test
14,target,sampl,command,low,plural,block,second,base,differ,secondari
15,basi,analog,convers,rate,determin,measur,smart,plural,distribut,determin
16,model,imped,compens,chang,state,bus,authent,field,section,state
17,reduc,main,refer,devic,indic,input,via,commerci,capac,variat
18,oper,apparatus,self,extract,without,three,frame,fluctuat,perform,includ
19,section,number,direct,valv,databas,magnet,messag,interconnect,maximum,stop
20,fuel,differenti,excit,group,facil,provid,section,less,unit,invent
21,case,whether,effect,addit,match,second,server,ratio,base,present
22,configur,collect,gate,steam,server,ground,provid,within,respect,second
23,result,extern,activ,turbin,fault,singl,applic,path,predict,modul
24,correspond,filter,devic,drive,record,open,embodi,plant,threshold,request
25,independ,instal,altern,obtain,symbol,respect,modifi,natur,hydrogen,compris
26,bird,reliabl,base,pipe,screen,occur,specif,small,manag,teach
27,electrod,open,level,reactor,degre,waveform,possibl,curv,plan,basi
28,status,time,posit,contain,status,third,acquisit,loss,total,sensor
29,prevent,lock,drive,output,defect,close,crystal,associ,target,complet
30,stabl,express,instruct,outsid,mainten,resist,destin,build,creat,contribut
31,tabl,phasor,step,delay,client,parallel,master,consum,data,rang
32,waveform,distanc,angl,logic,pattern,altern,reduct,correspond,correct,correct
33,combin,trip,basi,rotat,sign,capacitor,transmiss,elev,enabl,embodi
34,stack,characterist,drop,exceed,board,prevent,encrypt,evalu,power,pcs
35,analysi,predetermin,lower,possibl,fundament,support,event,execut,transit,soc
36,effect,random,machin,cross,prioriti,woman,program,photovolta,mean,compos
37,made,comparison,semiconductor,art,wave,link,secur,therebi,custom,integr
38,correct,mate,appli,band,notif,polar,surfac,capacitor,follow,minut
39,freez,transfer,constant,bodi,qualiti,rang,capabl,factor,includ,without
40,heater,arithmet,modul,dam,apparatus,revers,hold,overal,repres,chungbang
41,improv,identif,smooth,puls,content,arm,identifi,averag,avail,remain
42,incid,instantan,chang,primari,electron,fourth,intens,equal,judg,constitut
43,mechan,precis,correct,respons,least,caus,least,mppt,result,home
44,oxid,satisfi,deviat,variabl,occur,convert,pockel,neutral,util,specifi
45,pre,unnecessari,left,width,substrat,fault,read,oper,cycl,subtract
46,creat,cost,seri,increas,coordin,wave,area,radiat,equival,avoid
47,heat,merg,singl,chamber,format,bar,potenti,schedul,market,claim
48,includ,rear,superconduct,initi,output,potenti,purpos,capabl,real,order
49,insid,sensit,angular,size,remot,residu,count,output,advanc,renew
50,liquid,analysi,capacitor,tag,rosewood,rush,deriv,peak,cut,sleep
51,rais,coeffici,continu,altern,simpl,thyristor,field,produc,develop,smooth
52,deterior,command,filter,bypass,space,assist,form,valv,econom,avail
53,local,condit,flicker,capabl,updat,imag,arrang,appli,inhibit,black
54,micro,continu,mode,downstream,automat,inrush,connect,child,level,bmu
55,minim,fail,respect,driven,definit,upper,contact,improv,multipli,character
56,paramet,memori,wind,flexibl,embodi,art,creat,meter,plural,comprehens
57,assum,possibl,carrier,plant,relat,due,manag,mic,recept,conduct
58,compris,real,gain,allow,valu,reclos,mount,place,subject,configur
59,conting,satur,iiv,becom,compar,relationship,process,prior,cost,greater
60,exchang,servic,power,branch,easili,suppli,processor,router,dispers,long
61,inject,algorithm,realiz,condens,probabl,chopper,recoveri,stand,error,maintain
62,overload,arc,vdc,consist,request,free,basic,toler,hand,pref
63,shake,area,abnorm,includ,respons,rotor,abnorm,appropri,independ,result
64,subject,compar,element,pass,usb,scott,board,cost,order,type
65,abbrevi,excel,integr,wind,assess,call,control,disturb,zone,various
66,develop,hardwar,judgment,acceler,correspond,coil,creation,divid,accumul,decis
67,deviat,horn,selector,accur,file,flux,differ,enter,creation,develop
68,electrolyt,intern,ttungttungyi,back,identif,induct,establish,formula,desir,environment
69,jacket,necessari,adjust,fall,lan,neutral,normal,four,smooth,human
70,object,process,cooper,gas,possibl,overvoltag,order,malfunct,view,method
71,occurr,station,electr,gateway,shown,pole,port,parti,volum,reduc
72,origin,write,iref,recircul,divid,proper,structur,prefer,actual,acquisit
73,overlap,insul,method,relat,easi,size,switch,rout,axi,analog
74,rapid,interv,minimum,ruptur,featur,vulgar,along,state,buffer,constraint
75,seal,magnitud,promot,accuraci,improv,bridg,array,valu,connect,cut
76,separ,path,pwm,antenna,malfunct,chang,channel,ancestor,implement,dispos
77,start,progress,relief,associ,panel,differ,check,anti,least,error
78,unstabl,recept,separ,cpu,realiz,instal,ensur,apparatus,price,excess
79,water,result,stabl,embodi,run,layer,light,cell,procedur,fluctuat
80,agit,upon,stop,feed,seat,magnetoresist,loop,center,reaction,fulli
81,contact,absenc,system,main,speech,panel,move,collect,risk,higher
82,long,auxiliari,characterist,plural,suspend,protector,ring,compris,special,inv
83,premis,behind,conjunct,safeti,wake,restart,slave,dead,storag,live
84,respect,block,fire,stator,acoust,surg,sum,forecast,alloc,mainten
85,sensit,breeder,imd,trigger,actual,attent,troubl,haeryeol,axial,portion
86,short,calcul,inductor,accompani,audio,flow,access,instal,claim,premis
87,subsystem,carri,island,continu,card,imbal,affect,invent,comput,prepar
88,unbal,clock,itq,cover,confirm,instruct,disast,jiljeomgy,contract,read
89,whether,contactor,margin,dongyong,defin,interrupt,excess,life,delay,residu
90,agent,disconnect,pair,exampl,desir,minimum,laser,load,eld,room
91,among,immedi,phase,expand,enter,multipl,mirror,msc,exchang,run
92,bus,interfac,produc,higher,exist,node,mode,non,method,seismic
93,central,mutual,puls,hydroelectr,facilit,opposit,movement,offset,miss,separ
94,cycl,preset,respons,mechan,multi,send,optim,onlin,npc,shorten
95,determin,safe,restrict,microprocessor,physic,seri,rang,privaci,portfolio,site
96,electrochem,unit,transduc,normal,preced,site,usag,properti,provision,vmax
97,establish,advanc,vari,reach,quick,success,adapt,rate,region,abil
98,freezer,contrast,within,resum,recogn,toward,antenna,rule,reliabl,advis
99,imaginari,cut,accord,share,save,vector,arriv,self,scale,age
100,instabl,depend,amplitud,smaller,six,wherein,asynchron,simul,shift,amplitud
